{
    "rows": [
      {
        "heading": "CSPM Executive Dashboard",
        "widgets": [
          {
            "id": 1,
            "name": "Cloud Accounts",
            "content": "This is the first widget in Row 1."
          },
          {
            "id": 2,
            "name": "Cloud Account Risk Assessment",
            "content": "This is the second widget in Row 1."
          }
          
        ]
      },
      {
        "heading": "CWPP Dashboard:",
        "widgets": [
          {
            "id": 4,
            "name": "Top 5 Namespace Specific Alerts",
            "content": ""
          },
          {
            "id": 5,
            "name": "Workload Alerts",
            "content": ""
          }
          
        ]
      },
      {
        "heading": "Registry Scan",
        "widgets": [
          {
            "id": 7,
            "name": "Image Risk Assessment",
            "content": "This is the first widget in Row 3."
          },
          {
            "id": 8,
            "name": "Image Security Issues",
            "content": "This is the second widget in Row 3."
          }
        ]
      }
    ]
  }